genres,story
"Fantasy, slice of life","Write a short story about halloween in Japan  Title: The Enchanting Halloween in the Land of Cherry Blossoms

In the heart of Tokyo, nestled between towering skyscrapers and bustling streets, lay the quiet neighborhood of Harajuku. This vibrant district, known for its unique fashion and youthful energy, transformed every year on the eve of October 31st, into a mesmerizing spectacle that captured the spirit of All Hallows' Eve in an intriguingly Japanese manner.

Yuki, a young woman with long, flowing hair the color of autumn leaves, was preparing for the annual Harajuku Halloween Parade. She had spent weeks crafting her costume - a delicate blend of traditional kimono aesthetics and modern horror elements, as was customary during this magical night. Her carefully curated ensemble consisted of a black kimono adorned with silver spider webs, matched with a pair of geta sandals embellished with eerie white spiders.

As Yuki finished adjusting her costume, she heard the faint melody of a shamisen echoing through the streets, accompanied by haunting vocals. It was the traditional music signaling the start of the parade."
"Fantasy, slice of life","Write a short story about halloween in Japan  Title: The Enchanted Night of Obon and Kawaii Halloween

In the bustling city of Tokyo, nestled between towering skyscrapers and neon-lit streets, lay the peaceful neighborhood of Shibuya. As October rolled around, whispers of excitement filled the air as the residents prepared for two unique celebrations – the traditional Obon festival and the more modern import, Halloween.

On one crisp evening under a canopy of vibrant autumn leaves, the Shibuya Crossing transformed into a spectacle to behold. The intersection's iconic digital billboards flashed images of geisha ghosts, samurai zombies, and kawaii pumpkin-headed creatures, beckoning passersby to join in on the festivities.

Yumi, a local shopkeeper, had adorned her quaint candy store with spider webs, paper lanterns, and plush jack-o'-lanterns. She was preparing for the busiest night of the year – the intertwining of Obon and Halloween.

Obon is a time when families honor their ancestors, but Yumi had always found joy in combining this"
"Fantasy, slice of life","Write a short story about halloween in Japan  Title: The Moonlit Enchantment of the Japanese Halloween

In the tranquil town of Amanogawa, nestled amidst the verdant mountains and overlooking the sapphire sea, the residents eagerly awaited the arrival of the unique Halloween celebration. Unlike many parts of the world, this quaint village embraced the spirit of the autumn festival with a distinctively Japanese twist.

On the eve of October 31st, the air was crisp and filled with the tantalizing aroma of mochi, a traditional Japanese rice cake, sweetened with azuki bean paste. At the heart of the village square stood a magnificent Yurei-Boshi, an elaborate lantern shaped like a willow tree, adorned with intricate designs that symbolized the harmony between humans and spirits.

As dusk fell, the town illuminated, with lanterns lining every street, casting an ethereal glow upon the faces of the revelers. Many donned elaborate kimonos, their vibrant patterns mirroring the beauty of the surrounding maple trees as they transitioned to fiery red and gold hues. Children ran through the streets, giggling,"
"Fantasy, slice of life","Write a short story about halloween in Japan  Title: The Enchanting Halloween Night in Kyoto

In the heart of Kyoto, the ancient capital city of Japan, the vibrant autumn leaves were shedding their red and gold petals, painting the cobblestone streets in a warm, rustic tapestry. The chilly breeze carried whispers of an unusual event that was about to unfold - the first-ever Halloween celebration in this traditional town.

Miyuki, a young student who had recently returned from studying abroad, felt an irresistible excitement as she walked down the illuminated Hanamikoji Street. The street was transformed into a magical carnival, decorated with colorful lanterns, intricate pumpkin carvings, and ghostly spider webs hanging from every corner.

As she passed by a quaint tea house, she heard a melodious sound that filled her with nostalgia for her childhood in the countryside. It was the delightful laughter of children dressed in elaborate costumes, giggling while playing traditional Japanese games like Daruma Owarai (Daruma-faced laugh game) and Kendama (Japanese toy similar to a yo-yo).

Further down the path"
"Fantasy, slice of life","Write a short story about halloween in Japan  Title: The Moonlit Enchantment of the Japanese Halloween

In the tranquil town of Iwakura, nestled between misty mountains and a serene sea, Halloween was an unusual yet cherished tradition. Every year on the night of October 31st, the townspeople would gather to celebrate Obon-Halloween Fusion Festival, blending ancient customs with modern charm.

As the sun dipped below the horizon, casting long shadows on cobblestone streets, a soft glow emanated from paper lanterns hung high above. The town square came alive with vibrant stalls selling traditional Japanese treats - yaki imo (roasted sweet potatoes), senbei (rice crackers), and mochi (sticky rice cakes) adorned with intricate designs. A gentle breeze carried the tantalizing aroma throughout the town, luring locals and visitors alike towards the festivities.

Young and old donned elaborate costumes, a mix of classic Japanese folklore characters like Tengu, Kitsune, and Bake-Kujira, alongside popular western icons such as vampires, witches, and superheroes. The contrast was striking yet"
"Fantasy, slice of life","Write a short story about halloween in Japan  Title: The Enchanted Autumn Moon: A Japanese Halloween Tale

In the small, picturesque town of Kurosawa, nestled in the heart of Japan's lush autumn foliage, a peculiar tradition unfolded every year on October 31st - the night they called ""Tango no Yoru,"" or the Night of the Full Moon. Unlike the Western world's spooky and eerie Halloween celebrations, this event was a fusion of their rich cultural heritage and ancient beliefs, steeped in mystery and magic.

As the sun dipped below the horizon, casting an ethereal glow upon the vibrant leaves, the townsfolk began to prepare for the enchanting evening ahead. Homes were adorned with delicate lanterns, illuminating the narrow cobblestone streets. Intricate paper decorations known as Senbazuru, cranes made from colorful origami, fluttered gently in the cool breeze. The air was filled with the aroma of traditional Japanese sweets, such as the delicate Dango rice cakes, and the smoky scent of incense sticks.

Young children, dressed in traditional kimonos"
"Fantasy, slice of life","Write a short story about halloween in Japan  Title: The Moonlit Halloween in Kyoto

In the ancient city of Kyoto, nestled between verdant mountains and tranquil rivers, lay a unique blend of tradition and modernity. Every year, as autumn leaves painted the landscape with fiery hues, the city prepared for an unusual celebration – a fusion of western Halloween and traditional Japanese festivals.

Yukiko, a local art student, was particularly excited this year. She had spent months meticulously crafting intricate kimonos adorned with pumpkin motifs. Her creations were not just ordinary kimonos; they shimmered under the moonlight, transforming Yukiko into a radiant spirit.

On Halloween night, the narrow streets of Gion came alive. Lanterns illuminated cobblestone paths, casting long, dancing shadows that danced with the rhythm of taiko drums. Koi ponds sparkled amidst the darkness, reflecting the vibrant colors of the yukata-clad revellers.

A costume contest was held at Yasaka Pagoda, where participants showcased their creative blends of Western and Japanese costumes. There were ghostly geishas"
"Fantasy, slice of life","Write a short story about halloween in Japan  Title: The Enchanting Halloween in Kyoto, Japan

In the heart of Kyoto, the ancient capital city bathed in history and tranquility, a unique blend of old and new was about to unfold. It was October 31st, the night of Halloween.

The cobblestone streets echoed with an unusual melody - the laughter and chatter of children dressed in intricate costumes, a stark contrast against the backdrop of traditional Japanese architecture. The air was crisp and cool, carrying whispers of kotatsu (heated tables) and yuzu citrus scents from homes.

A group of children, clad in samurai and geisha costumes, led by little Yumi dressed as a modern-day Pokémon trainer, were making their way towards the famous Higashiyama District. Their destination was the illuminated maple trees at Kiyomizudera Temple, a UNESCO World Heritage Site.

As they reached the temple, they found it transformed into a spooky yet enchanting scene. Pumpkins lit up the pathways, creating a warm, inviting glow that danced upon the faces of the children"
"Fantasy, slice of life","Write a short story about halloween in Japan  Title: ""The Moonlit Enchantment of Japanese Halloween""

In the quaint town of Aomori, nestled between towering Mount Hakkoda and the deep blue expanse of Mutsu Bay, a peculiar event was brewing. It wasn't the vibrant colors of autumn leaves that captured the eyes this year; it was the anticipation for a special celebration.

Halloween had arrived in Japan, but with a unique twist. The townsfolk were not just imitating the Western customs they had learned from TV shows and movies. Instead, they seamlessly blended the spirit of Halloween with their ancient folklore and traditions.

As night fell on October 31st, the once quiet streets came alive with lanterns hanging from every corner, illuminating the cobblestone paths with a soft, warm glow. The air was filled with the scent of traditional Japanese sweets like mochi and senbei, mingling deliciously with the crisp autumn breeze.

Children dressed in kimonos and yukatas, their outfits adorned with pumpkin and spiderweb patterns, went door to door, not trick-or-treating"
"Fantasy, slice of life","Write a short story about halloween in Japan  Title: Whispers of the Moon: A Japanese Halloween Tale

In the quaint town of Yumegawa, nestled amidst the verdant mountains of rural Japan, autumn's vibrant foliage painted a breathtaking tapestry across the landscape. As the days grew shorter and colder, the townsfolk prepared for an unusual celebration that transcended the Western tradition of Halloween – the Obon Festival, a commemoration of the spirits of one's ancestors.

On this eve of the Obon, the main street bustled with activity as locals adorned their homes and shops with lanterns, illuminating the night sky like a thousand tiny stars. The aroma of traditional Japanese sweets such as dorayaki and daifuku wafted through the air, while the rhythmic sound of taiko drums echoed throughout the town, beckoning residents to join the festivities.

Little Haru Sato, a curious eight-year-old girl, donned her grandmother's kimono, an heirloom passed down from generation to generation. With her obi belt tied in a delicate butterfly knot, she stood"
"Fantasy, slice of life","Write a short story about halloween in Japan  Title: The Enchanted Moon Festival

In the quaint town of Miyagawara, nestled at the foot of Mount Fuji, lay an extraordinary tradition that beautifully intertwined ancient Japanese customs with the mystique of Halloween. This wasn't your typical Halloween; instead, it was the annual Enchanted Moon Festival, a celebration that began centuries ago when the first settlers arrived on these lands.

As the autumn leaves transformed into vibrant hues of crimson and gold, preparations for the festival commenced. Children, adorned in traditional yukatas with intricate obi belts, painted their faces with traditional designs inspired by the moon and its celestial bodies. Older villagers spent nights crafting elaborate mochi ornaments to be hung throughout the village as decorations.

On the eve of the Enchanted Moon Festival, lanterns illuminated every nook and cranny of Miyagawara, casting a soft glow over the cobblestone streets. As night descended, the children paraded through the village, accompanied by musicians playing traditional shamisen and taiko drums. Their laughter echoed through the crisp air, mingling with"
"Fantasy, slice of life","Write a short story about halloween in Japan  Title: A Spooktacular Halloween in Kyoto

In the heart of the ancient city of Kyoto, where timeless temples and tranquil gardens echoed with an unusual cacophony, a chorus of laughter and excitement filled the crisp autumn air. It was October 31st, a day that had slowly but surely become as popular in Japan as it was in the West – Halloween.

The streets were adorned with colorful decorations, pumpkins, spider webs, and ghostly figures, illuminated by the soft glow of paper lanterns and neon lights. The city's traditional architecture stood in stark contrast to the modern Halloween paraphernalia, creating a unique fusion of old and new.

Takashi, a young man who had recently moved to Kyoto for college, was preparing for his first Japanese Halloween. He had decorated his small apartment with intricate origami pumpkins and paper lanterns, filling it with a warm, inviting ambiance. His costume was a blend of tradition and modernity; he wore a samurai helmet and armor, paired with a black cloak and a glowing LED necklace.

His friend"
"Fantasy, slice of life","Write a short story about halloween in Japan  Title: The Enchanted Night: A Halloween Tale in Japan

In the quaint town of Kamioka, nestled between verdant mountains and a serene bay, lay a unique blend of tradition and modernity. Autumn had turned the landscape into a vibrant tapestry of reds, yellows, and oranges. As the sun dipped below the horizon, preparations for the upcoming festival began in earnest.

This was not the usual Halloween celebration found in many Western countries; instead, it was 'Kurokuma No Yoru', translated as ""Black Snow Night."" In this small Japanese seaside town, they celebrated the occasion with their own cultural flair.

The annual event was known to bring out the creativity within every villager, who transformed into unique Kappa, Yokai, or Oni characters inspired by Japanese folklore. These fantastic creatures were adorned with intricate masks, colorful kimonos, and striking accessories.

On this particular eve, the main street was illuminated with thousands of lanterns that painted the sky with soft orange and yellow hues. The scent of grilled corn, seafood, and yummy"
"Fantasy, slice of life","Write a short story about halloween in Japan  Title: The Enchanting Halloween Night in Kyoto

In the heart of Kyoto, the ancient capital city, nestled between the vermilion torii gates of Fushimi Inari Shrine and the serene Kiyomizu-dera Temple, resided a small neighborhood known as Higashiyama. Every year on Halloween night, this enchibana (evening primrose) district transformed into an ethereal canvas for the celebration of a unique fusion of Eastern and Western traditions.

One particular Halloween, Rika, a young woman living in the vibrant neighborhood, was preparing for the annual festivities. Donning her kimono with an intricate obi featuring Jack-o'-lanterns and spiders, she adorned her hair with autumn maple leaves and a fox mask, symbolizing her zodiac sign, Kitsune. A glow stick necklace added a modern touch to her traditional ensemble.

As the sun dipped below the horizon, twilight descended upon Higashiyama, casting a magical glow over the cobblestone streets. Rika met her friends, Yumi and Taro, at their designated rendezvous"
"Fantasy, slice of life","Write a short story about halloween in Japan  Title: The Enchanting Night of Obon under the Full Moon - A Halloween Tale in Japan

In the quaint town of Yubari, nestled between the verdant mountains and the mystical sea, lay a peculiar blend of tradition and modernity. As the chilly breeze whispered through the cobblestone streets, the residents were preparing for an unconventional celebration – the Halloween-Obon fusion festival.

Kiyoshi, a young man with a deep affection for both Western and Japanese culture, spent his days crafting intricate kimono-inspired costumes for his friends. This year's masterpiece was a dazzling ensemble that merged a traditional yukata with a bewitching broomstick, a nod to the iconic image of a witch riding her broom on a full moon night.

Meanwhile, Hana, a vibrant girl who shared Kiyoshi's passion for merging cultures, spent hours decorating the town's central square with colorful lanterns, pumpkins carved with enchanting designs, and a towering bonfire. The aroma of sweetened rice cakes filled the air, hinting at the delicious treats await"
"Fantasy, slice of life","Write a short story about halloween in Japan  Title: The Moonlit Halloween in Tokyo

In the heart of bustling Tokyo, the autumn leaves painted the cityscape with vibrant shades of red and gold. As the sun set, the neon lights flickered on, casting an eerie glow over the metropolis. This year, however, something unusual was in the air – the scent of pumpkin spice and sugar from local cafes, and whispers of an upcoming celebration that blended Western tradition with Japanese culture – the unique Halloween in Tokyo.

Kaito, a young student living in Shibuya, spent hours crafting his intricate and detailed costume - a samurai warrior equipped with a glowing katana made of LED lights. His friend Mika, who dressed as a geisha adorned with cherry blossom petals and a traditional fan, couldn't help but admire Kaito's handiwork.

On this special evening, they joined thousands of fellow revelers who gathered at Shibuya Crossing, one of the world's busiest intersections. The crowd was a dazzling display of creativity; zombie kimonos, ninja princesses, and even a giant"
"Fantasy, slice of life","Write a short story about halloween in Japan  Title: Whispers of the Moonlight Kami

In the quiet town of Sakurano, nestled between verdant mountains and the deep sea, Halloween was not a tradition widely celebrated. However, the mysterious allure of the festival intrigued a young schoolgirl named Yuki. Every year, she would peer through her window at the star-studded sky, imagining pumpkins and ghosts lurking in the shadows.

One year, Yuki decided to celebrate Halloween in her unique way - by sharing a traditional Japanese twist on the holiday with her classmates. She crafted delicate origami pumpkins and lanterns, filled them with colorful autumn leaves, and placed them around her neighborhood.

As the sun dipped below the horizon, Yuki lit candles in her homemade lanterns, transforming the dark streets into a labyrinth of soft, flickering light. A gentle breeze rustled the leaves within the paper pumpkins, creating the illusion of whispered whispers echoing through the night.

The other children were drawn to the warmth and beauty of Yuki's creations, gathering together to marvel at the sight. Word spread throughout the town, and soon, even the el"
"Fantasy, slice of life","Write a short story about halloween in Japan  Title: The Moonlit Enchantment of Yokai Halloween

In the tranquil town of Kurokawa, nestled within the verdant mountains of rural Japan, lay an extraordinary spectacle that would captivate the world during the chilly nights of Halloween. This was no ordinary celebration, but rather, a unique blend of Western and Eastern traditions, creating a magical fusion that transcended cultural boundaries.

Every year, as the vibrant leaves began to fall and the crisp autumn air filled with the tantalizing scent of yamaimo (Japanese mountain yam) roasted on bonfires, the townsfolk prepared for the annual event known as ""Yokai Halloween.""

The town's history was deeply steeped in folklore and mythology, with stories passed down through generations about mystical creatures known as yokai - mischievous spirits, supernatural beings, and mythological monsters native to Japan. It was said that the boundary between the mortal realm and the spirit world became particularly thin during the full moon, allowing these ethereal beings to roam freely among the living.

For years, the people of Kurokawa had sought ways to"
"Fantasy, slice of life","Write a short story about halloween in Japan  Title: The Enchanted Moon Festival: A Halloween Tale in Japan

In the small, picturesque town of Yamanouchi, nestled between verdant mountains and the serene Lake Suwa, October arrived with an autumnal chill. As the days grew shorter and the leaves turned into a riot of reds, yellows, and golds, the townsfolk prepared for a unique celebration that transcended the western tradition of Halloween – the Enchanted Moon Festival.

Every year, on the night of the 15th day of the eighth lunar month, the ancient Japanese festival took place to honor the spirits of one's ancestors. It was believed that during this time, the barrier separating the living from the dead weakened, allowing the ancestral spirits to visit their families and offer guidance.

As dusk fell upon the tranquil town, the streets were transformed into a mesmerizing labyrinth of paper lanterns that illuminated the night sky, casting dancing shadows on the cobblestone paths. Traditional music, hauntingly beautiful and melodic, filled the air as the citizens dressed up in elaborate kimonos and masks, donning costumes representative"
"Fantasy, slice of life","Write a short story about halloween in Japan  Title: ""The Moonlit Halloween in Kyoto""

In the ancient city of Kyoto, where the past and present intertwine like the roots of its centuries-old trees, the air was thick with anticipation as the festival of All Hallows' Eve approached. Known for its exquisite beauty and rich cultural heritage, Kyoto prepared to embrace a unique twist on this Western tradition.

Momiji-zaka, the famous maple tree lane, transformed into a spectacle of Japanese aesthetics. Lanterns illuminated the path, casting dancing shadows of vibrant leaves upon the cobblestone streets below. The warm glow reflected off the traditional machiya houses, their wooden facades adorned with intricate carvings depicting eerie yūrei (ghosts) and kitsune (fox spirits).

Yukata-clad children roamed the streets, their faces painted with traditional oni (demon) masks or delicate geisha makeup. They giggled and chattered in excitement as they collected candy from neighborhood businesses offering treats in decorative boxes reminiscent of origami.

At the heart of the celebration lay Gion district, home to"
