genres,story
"Fantasy, Adventure","Write a fantasy story about a young hero going on a journey.  Title: The Ember's Odyssey

In the mystical realm of Eldoria, nestled between the Whispering Wood and the Crystal Mountains, lies the small village of Lumina. A place where sunlight glows with an ethereal radiance, and magic weaves through the air like threads of silk. In this enchanting world, the villagers live in harmony with nature, guided by the wise council of the ancient Elders. But peace has been shattered when the dark sorcerer Malazar stole the heartstone of Eldoria, leaving the land in darkness and chaos.

Our young hero, Ember, was not born to greatness. He was an orphan, raised among the villagers, never knowing his true lineage. However, he possessed a latent gift - the ability to manipulate fire. This talent would make him the perfect contender to reclaim the stolen heartstone and restore balance to Eldoria.

One fateful day, as Ember ventured into the forest to gather firewood for his adoptive family, he stumbled upon an injured bird with a message clutched tightly in its beak. Reading the parchment, he learned that the bird"
"Romance, Slice of Life","Write a slice-of-life romance story about two students.  Title: ""Whispers in the Wind: A Campus Love Story""

In the heart of the bustling city, nestled between towering buildings and vibrant streets, lay the peaceful campus of Parkview University. The crisp autumn leaves rustled as they danced on the wind, leaving trails of red and orange behind them. The air was filled with the scent of freshly brewed coffee from the nearby café, mingling with the faint aroma of ink and paper from the library. It was a day like any other at Parkview, yet today held a special significance for two students, Lily and Ethan.

Lily, a sophomore with sparkling hazel eyes and fiery red hair, sat in her favorite corner of the library. She was engrossed in a thick book, her mind lost in a world of magic and mystery. A slight breeze brushed against her cheek, causing her long bangs to sway, and she barely noticed.

Ethan, a quiet senior with sharp blue eyes and a mop of dark curls, was walking towards the library when he caught sight of Lily. His heart skipped a beat, and he hesitated, unsure if he should approach her. He"
"Fantasy, Adventure","Write a fantasy story about a young hero going on a journey.  Title: The Ember's Call: A Tale of the Phoenix Sword

In the realm of Vesperia, nestled between the azure peaks of the Celestial Mountains and the deep emerald expanse of the Whispering Forest, lay the humble village of Solara. Known for its vibrant culture and the enigmatic Phoenix Sword that resided within its temple, it was a sanctuary for those who sought refuge from the turmoil of the world outside its borders.

Our young hero, Elaric, had grown up listening to tales of the ancient sword, passed down through generations by the wise elders of Solara. The legendary artifact was said to possess an immense power, capable of vanquishing any evil that threatened the peace of Vesperia. As Elaric matured, his fascination with the mythical weapon grew, and he often found himself daydreaming of becoming the chosen one destined to wield it against darkness.

One fateful evening, as Elaric sat under the stars gazing at the moonlit temple, he heard a soft, ethereal whisper calling out to him. He felt an inexplicable"
"Romance, Slice of Life","Write a slice-of-life romance story about two students.  Title: ""Whispers in the Wind: A College Love Story""

In the verdant heart of the University of Vermont, amidst the rustling leaves and echoing lectures, two souls found their unlikely connection in the midst of a bustling student life. The protagonists of this tale are Amelia, a vivacious and ambitious art major, and Ethan, a reserved and introverted physics prodigy.

Amelia, with her fiery red hair and a spirit as bright, was well-known for her artistic flair and infectious laughter. She found solace in the quietude of her studio, where she could immerse herself in swirling brushstrokes and vibrant colors. On the other hand, Ethan, with his dark eyes and thoughtful demeanor, spent countless hours in the lab, lost in equations and mathematical formulas. His brilliance was overshadowed by his shyness, making him a mystery to many.

One crisp autumn day, while Amelia was sketching the picturesque campus, she felt a gentle tap on her shoulder. It was Ethan, who had been captivated by her talent and was left speechless by her work."
"Fantasy, Adventure","Write a fantasy story about a young hero going on a journey.  Title: The Scepter of Eternity: A Tale of Valiance

In the realm of Eldryn, nestled amidst verdant forests and towering mountains, lived a young man named Evander. He was an orphan, raised by the village elder, Gideon, in the quaint town of Thistlewood. His life was simple, filled with the rhythm of the seasons, but a prophecy whispered through the wind stirred something within him.

A vision came to Gideon one fateful evening as he gazed upon the moonlit sky. ""A child born of no lineage shall wield the Scepter of Eternity, restoring balance to our world, for dark forces gather beyond the veil."" Though it seemed far-fetched, Gideon couldn't shake the ominous sensation that night.

One day, as Evander ventured into the forest for firewood, he stumbled upon a hidden grove. In the center stood a massive, ancient tree, and at its base lay the Scepter of Eternity. With a surge of courage, Evander grasped the scepter, feeling a strange connection."
"Romance, Slice of Life","Write a slice-of-life romance story about two students.  Title: Librarians of Love

In the heart of the bustling city, nestled between towering skyscrapers and thronging streets, lay a quiet sanctuary known as the Central Library. The library was a sanctum for the curious minds, a haven for the bookworms, and a beacon for those seeking solace in the written word. It was here that our tale begins, where fate weaved an intricate tapestry of love between two unsuspecting souls.

Jane Doe, a petite girl with fiery red hair and glasses, always seemed to find herself lost within the pages of her favorite novels. She spent countless hours engrossed in tales of adventure, romance, and mystery, her heart swelling with every turn of the page. Her passion for reading was only matched by her devotion to maintaining the library's pristine order, which earned her the nickname ""Librarian Jane.""

One fateful day, amidst the clatter of turning pages and hushed whispers of fellow bibliophiles, a new face appeared. John Smith, a tall, brooding young man with piercing blue eyes and a knack for wearing ill-f"
"Fantasy, Adventure","Write a fantasy story about a young hero going on a journey.  Title: The Quest of the Emerald Eye

In the heart of the mystical realm of Eldoria, nestled between the Whispering Forest and the Crystal Mountains, lay the quaint village of Luminara. A place where magic thrived alongside nature, and every being lived in harmony under the watchful eyes of the Guardians.

Luminara was home to an extraordinary young boy named Eamon. He was unlike any other child, for he possessed a rare gift - the power to communicate with spirits. This ability set him apart from his peers but earned him respect and admiration among the villagers. His days were spent exploring the outskirts of the forest or conversing with the whispering trees, always seeking new wisdom to share with his family and friends.

One fateful day, as Eamon ventured deeper into the forest than ever before, he stumbled upon an ancient, crumbling structure hidden by vines and moss. Inside the ruin, he found a mysterious artifact: a golden amulet adorned with an eye made of emeralds. As soon as Eamon touched it, a vision filled his mind's eye.

He saw a great darkness descending upon Eld"
"Romance, Slice of Life","Write a slice-of-life romance story about two students.  Title: Whispers of Love in the Library Stacks

In the quiet, timeworn halls of Oxford University's Bodleian Library, two strangers stumbled upon each other as if destined to meet amidst the musty stacks and dusty books. The year was 1920, and life had taken an unexpected turn for both of them. It was the beginning of a love story that would echo through the hallowed walls for years to come.

The first sighting occurred on a brisk autumn day when Jameson ""James"" Thorne, a tall, gangly young man from the Midlands, entered the library in search of inspiration for his thesis on medieval poetry. As he wandered the dimly lit labyrinthine corridors, his eyes fell upon a vision of loveliness in the form of Elizabeth ""Lizzie"" Harper, a slender beauty with red hair and bright green eyes, engrossed in a book at one of the tables. He found himself captivated by her, not only by her appearance but also by the way she seemed to breathe life into those ancient texts.

He approached her cautiously, hesitant to disturb this delicate dance between L"
"Fantasy, Adventure","Write a fantasy story about a young hero going on a journey.  Title: The Chronicles of the Lost Lore: A Tale of Young Heroes

In the enchanted realm of Eldoria, nestled between the towering Whispering Woods and the mighty River of Dreams, there lived a small village named Serenity's Haven. It was a place where magic flourished, stories came to life, and children played among ancient ruins whispered secrets of an age long past.

Among those children was our young hero, Elara, a 12-year-old girl with fiery red hair and eyes as deep and mysterious as a moonless night sky. Elara had always been different from her peers; she could sense magic in ways no one else could, and it was this ability that would change her life forever.

One fateful day, while wandering through the Whispering Woods, Elara stumbled upon a hidden grove concealed by ancient oaks. In the center stood a massive stone pedestal with a glowing crystal orb resting upon it. As she approached, the orb seemed to call out to her, emanating waves of energy that resonated within her very soul.

Elara reached out tentatively, but instead"
"Romance, Slice of Life","Write a slice-of-life romance story about two students.  Title: ""Whispers in the Stacks""

In the hushed halls of the University of Cambridge, where centuries of knowledge echoed off ancient walls, two young students found themselves entwined in a tale as old as time itself. It was there, amidst the vast expanse of books and wisdom, that the quiet bond between Lila Whitmore and Thomas Harper began to blossom.

Lila, with her fiery red hair and a mind teeming with questions, had transferred from Oxford to study under the esteemed Professor Winston. She was known for her voracious appetite for knowledge and her quick wit. Her heart, however, remained guarded, having been wounded by an unrequited love affair at her previous university.

Thomas, on the other hand, was the quintessential English gentleman - charming, charismatic, and possessing an intellect to match his looks. His heart was equally sheltered, though for different reasons; he was afraid of opening himself up to another because he feared losing them, much like he lost his father when he was just six years old.

Their paths crossed one crisp autumn afternoon when Lila wandered into the library,"
"Fantasy, Adventure","Write a fantasy story about a young hero going on a journey.  Title: The Scepter of the Azure Dragon

In the mystical realm of Eldoria, nestled between towering mountains and enchanted forests, a young blacksmith named Eamon lived a tranquil life. Known for his exceptional craftsmanship, he spent his days fashioning intricate weapons and armor for the villagers who relied on him. However, as the autumn leaves began to fall, an ominous prophecy swept through the kingdom, foretelling the return of an ancient evil that could only be stopped by the legendary Scepter of the Azure Dragon.

One evening, as Eamon hammered away at the anvil, a mysterious old man appeared in his humble workshop. This wise stranger, known only as Orion, spoke of the impending darkness that would soon consume Eldoria. He revealed that Eamon was destined to embark on a perilous quest to find the lost Scepter, a task he had been training for his entire life without even realizing it.

With his heart pounding and determination burning within him, Eamon set off towards the Eastern Mountains where the first clue to finding the Scepter resided. Along the way, he encountered various"
"Romance, Slice of Life","Write a slice-of-life romance story about two students.  Title: A Leaf in the Wind: A Campus Tale of Love and Chance

In the vibrant heart of a bustling university town, where ivy-covered buildings nestled against a backdrop of towering pines and the faint scent of fresh ink filled the air, a tender tale of love and friendship was unfolding among the sprawling campus. The autumn leaves danced like a thousand stories on the wind, falling gently into the arms of eager hands.

Ella, an aspiring poet with fiery hair that cascaded down her shoulders like a waterfall of embers, could often be found huddled beneath the ancient oak tree in the center of campus, scribbling away at her latest verse. Her pen moved swiftly, capturing the essence of the world around her in rhythmic prose and vivid imagery.

One day, as she gazed out over the vast lawn, her eyes caught sight of a new face on the horizon. He was tall, with wavy brown hair that fell into his eyes, obscuring them for a moment before they sparkled brightly as he smiled. His name was Liam, an engineering student from a nearby town who had recently transferred to the"
"Fantasy, Adventure","Write a fantasy story about a young hero going on a journey.  Title: The Enchanted Quill: A Tale of Courage and Destiny

In the mystical realm of Elysium, nestled between the Whispering Woodlands and the Endless Mountains, there was a quaint village called Verdant Hollow. Here, lived a young apprentice scribe named Elias Thornhill, who had an extraordinary gift: he could create magical spells with his pen and parchment.

One fateful day, as Elias transcribed a spell into his parchment, he noticed something peculiar. Intricate symbols danced across the page, seemingly of their own volition, forming an image of a dragon, the legendary Guardian of the Ancient Codex, which was said to contain the secrets of Elysium's creation. As Elias watched, a brilliant light enveloped him, and he found himself transported to the very place where the legendary artifact resided - the Crystal Citadel atop Mount Seraphim.

At the entrance stood the great Dragon Sentinel, a fearsome beast with scales that shimmered like liquid sapphires and eyes that seemed to pierce one's soul."
"Romance, Slice of Life","Write a slice-of-life romance story about two students.  Title: ""Whispers in the Library""

In the heart of the bustling city, nestled between towering skyscrapers and crowded streets, lay a tranquil oasis known as the Parkview Academy Library. The library was more than just a place for students to study; it was a sanctuary where secrets were whispered into the pages of ancient books and dreams were lost in the endless stacks of knowledge.

Among the sea of students, there were two who seemed to be tethered together by an invisible thread - Elise, a timid sophomore with glasses perched precariously on her nose, and Ethan, a senior with eyes that sparkled like the stars at night. They both found solace in the silence of the library, each engrossed in their own world until one day, their paths crossed.

It was a typical Tuesday afternoon when Elise accidentally knocked over a stack of books while reaching for a particularly rare volume on Austen's works. As she bent down to pick them up, she felt a strong hand help her and heard a soft, sympathetic chuckle. Looking up, she found herself staring into the most beautiful pair of brown eyes she had ever seen"
"Fantasy, Adventure","Write a fantasy story about a young hero going on a journey.  Title: The Sword of the Silver Dragon

In the kingdom of Eldoria, nestled between the mystical Whispering Woods and the towering Crystal Peaks, a young blacksmith's apprentice named Eamon found himself in possession of an extraordinary artifact that would change his life forever. It was a sword, shimmering with silver light and etched with runes that seemed to dance upon its surface. The blade had been forged by an ancient dragon sorceress, long believed to be nothing more than a myth. But this enchanted weapon was no mere legend; it was the Sword of the Silver Dragon.

Eamon's master, Olden Ironheart, had been entrusted with the care of the sword since he'd discovered it hidden deep within the Whispering Woods. For years, Olden kept the secret of the Sword of the Silver Dragon, knowing that the time would come when the chosen one would wield it against the darkness threatening the land. That time had finally arrived, as a malevolent necromancer known only as the Shadowbinder sought to plunge Eldoria into eternal night.

As the days turned to weeks, the whis"
"Romance, Slice of Life","Write a slice-of-life romance story about two students.  Title: ""Chaptered Whispers""

In the quiet halls of Evergreen High School, amidst the humdrum of daily life, two souls found solace and kinship in each other's company. The school year was well underway when Amelia, a vibrant violin prodigy with a fiery spirit, crossed paths with Oliver, a reserved, bookish young man whose love for literature was only surpassed by his love for peace and quiet.

Amelia, who always attracted attention with her captivating performances during school events, would often find herself lost in thought as she wandered through the empty corridors before practice. One such evening, her contemplative meanderings led her to the tranquil sanctuary that was the library, where she discovered Oliver deep within its labyrinthine stacks.

A smile crept onto Amelia's face as she observed the young bibliophile engrossed in his book. She stood at the entrance of the secluded alcove, listening to the soft, steady rhythm of his heartbeat. Something about him intrigued her - the way he seemed to exist in a world entirely separate from the rest of the school, und"
"Fantasy, Adventure","Write a fantasy story about a young hero going on a journey.  Title: The Scepter of Light: A Journey Through the Enchanted Realm

In the heart of the verdant and mystical kingdom of Eloria, nestled between the Spellbinding Forest and the Crystal Mountains, lived a young orphan named Eiric. His eyes sparkled with curiosity, his spirit brimming with courage, and his heart overflowing with determination. He was an outcast, but his resilience and compassion endeared him to many.

One fateful day, while wandering through the forest, he stumbled upon a hidden glade. In its center stood a towering tree, its branches adorned with shimmering leaves that whispered secrets in the wind. Atop the tree, a glowing orb pulsated rhythmically, beckoning Eiric closer. As he approached, the orb revealed itself as a scepter encrusted with precious gems. Its handle pulsed gently, emanating waves of warmth.

A disembodied voice resonated throughout the glade, ""I am the Scepter of Light. I choose you, Eiric, as my guardian. A great darkness is approaching our realm. You must protect it"
"Romance, Slice of Life","Write a slice-of-life romance story about two students.  Title: Stanzas of Silence

In the hallowed halls of Ivy Towers Academy, nestled in the heart of a bustling city, two students found themselves lost in the labyrinthine corridors of academia and love. Alyssa, an ardent lover of literature, and Ethan, a prodigious artist with a penchant for capturing life on canvas, were destined to intertwine their stories amidst the clamor of textbooks and ambition.

Alyssa would often find herself ensnared within the embrace of her favorite novels, escaping the relentless grind of homework and exams. Her hair, the shade of autumn leaves, cascaded down her back as she navigated the corridors, nose buried in a book and eyes sparkling with curiosity and imagination. The walls seemed to echo the tales she carried within her, and her spirit danced between the lines of her favorite works.

Ethan, on the other hand, was a quiet observer of the world around him. His hands, always covered in paint, could transform mere strokes into living, breathing artworks that whispered stories untold. He would sit for hours in"
"Fantasy, Adventure","Write a fantasy story about a young hero going on a journey.  Title: The Emerald Odyssey of young Elysia

In the verdant realm of Eldoria, where the sun kissed the earth with golden fingers and the moon whispered lullabies to slumbering forests, a young girl named Elysia resided in the secluded village of Luminora. Born from the union of a humble blacksmith and a mystic healer, Elysia was blessed with a peculiar gift - an uncanny connection to the very essence of nature itself.

One fateful day, as Elysia wandered through the enchanted forest that bordered her home, she stumbled upon an ancient, shimmering crystal embedded within the gnarled roots of an enormous oak tree. The moment her trembling fingers touched its surface, it responded by emanating a brilliant emerald light that enveloped her whole being. As the energy surged through her veins, she felt herself transform into something more than human; her heart swelled with newfound strength, her senses sharpened, and her mind grew clearer.

Elysia's village had long been plagued by a malevolent force that ravaged their crops, sickening"
"Romance, Slice of Life","Write a slice-of-life romance story about two students.  Title: ""Whispers in the Stacks""

In the heart of the bustling city, nestled amidst towering skyscrapers and teeming crowds, stood an old, imposing library. For years, it had been a sanctuary for those seeking solace from the noise and chaos outside. It was here that two souls, destined to intertwine, first crossed paths. The girl, Amelia, a quiet bookworm with auburn hair that fell in loose waves over her shoulders; the boy, Ethan, a lanky lad with a quick wit and twinkling eyes.

Amelia spent hours engrossed in the worlds within books, finding solace in their words. She was drawn to the mystery section, where tales of adventure and intrigue held her captive. Her favorite spot was a dusty corner by the tall window, where sunlight danced off the pages as she lost herself in another time.

Ethan was no stranger to the library either. A member of the school chess club, he often found inspiration for his moves amidst the stacks. His laughter echoed through the quiet halls, his spirit infectious even amongst the silence. He"
"Fantasy, Adventure","Write a fantasy story about a young hero going on a journey.  Title: The Emerald Quest of the Silver Knight

In the mystical realm of Elysium, where magic and wonder abound, a young hero named Eamon lived in the quaint village of Veridian Hollow. Eamon was no ordinary boy; he possessed an extraordinary gift - the ability to communicate with animals. This unique talent made him an outcast among his peers, who feared what they could not understand. However, it would be this very gift that would set Eamon on a perilous journey to save his beloved kingdom from an impending doom.

One fateful day, as Eamon wandered deep into the enchanted forest, he stumbled upon an ancient prophecy written on an ancient crystal scroll. The prophecy foretold the arrival of a monstrous force known as the Shadow of Oblivion, which would consume the light of Elysium if left unchecked. The only hope for the realm lay in finding the legendary Emerald Scepter, a powerful artifact said to possess the strength to vanquish the encroaching darkness.

Eamon knew he had to act fast. With heavy heart and determination burning in his soul, he embarked"
"Romance, Slice of Life","Write a slice-of-life romance story about two students.  Title: ""Pencils and Love Notes""

In the quiet, ivy-covered halls of Hillcrest High School, two souls found solace in an unexpected corner - a nook nestled between the library and the art room, where the smell of fresh paint, old books, and student laughter lingered. The place was a sanctuary for those who needed to create or read, but it would soon become the secret haven for Emily Parker and Jack Foster, two ordinary students with extraordinary hearts.

Emily, a curly-haired girl with intelligent eyes and a knack for drawing, was often found here, her sketchbook resting on her lap as she worked tirelessly to capture the beauty she saw in the world around her. Jack, a tall, quiet boy with a mop of unruly hair and a passion for writing poetry, would sneak away from his classes to find inspiration in the quiet corners of the school.

One sunny afternoon, their worlds collided when Jack wandered into the little nook. A glimpse of Emily's sketchbook caught his eye, and he couldn't help but be drawn to the intricate drawings that danced across the page. Intrigued by"
"Fantasy, Adventure","Write a fantasy story about a young hero going on a journey.  Title: The Quest for the Crystal Crown

In the mystical kingdom of Eldoria, nestled between the Whispering Woods and the Ember Mountains, there lived a young hero named Eridan. The eldest son of the blacksmith, he was known throughout the land for his bravery and quick wit. A mischievous smile always graced his face, but beneath it lay a heart full of compassion and determination.

One day, as the sun dipped below the horizon, casting a golden glow upon the cobblestone streets of Eldoria, King Eldrion summoned all the villagers to the grand hall. The air was thick with tension, and whispers of doom echoed through the gathering crowd. Upon the throne, the king announced that a terrible darkness had fallen upon the realm of Alcazar, their neighboring kingdom, and their queen, Queen Lumina, called out for aid from Eldoria.

Without hesitation, Eridan stepped forward. His father, Garrick, tried to dissuade him, reminding him of the danger that lay ahead. But Eridan knew that he could not stand idly by while another realm was in peril. He accepted the"
"Romance, Slice of Life","Write a slice-of-life romance story about two students.  Title: ""Whispers of Autumn Leaves""

In the quaint town of Meadowgrove, nestled between rolling hills and a sparkling river, stood the venerable Meadowgrove High School. It was late September, and the trees were beginning to show the first hints of autumn's arrival, their leaves whispering tales of love and friendship as they gently fluttered down from the branches.

Within this historic institution of learning, two sophomores, Oliver Sinclair and Amelia Harper, found themselves in an unexpected bond that would transcend the simple realms of acquaintance. They met during the opening week of school in Mrs. Abernathy's English class, seated together at a long table filled with the scent of new books and freshly sharpened pencils.

Oliver, a tall and lanky boy, with deep brown eyes and a mop of unruly, curly hair, looked across the desk at Amelia. She was petite, with a cascade of auburn curls tumbling over her shoulders, and eyes like the clear blue sky before a storm. He felt his heart skip a beat,"
"Fantasy, Adventure","Write a fantasy story about a young hero going on a journey.  Title: The Emerald Quest

In the heart of Eldoria, a mystical realm hidden within the vast expanse of the Great Forest, lay the small village of Serenity's Bounty. A tranquil haven nestled amidst towering trees and babbling brooks, it was home to a remarkable young hero named Elara Starborn.

Elara, with her sparkling azure eyes and fiery red hair that danced in the wind like flames, was admired for her courage and wisdom beyond her years. She spent her days studying ancient lore under the guidance of the revered elder, Lirien Moonshadow.

One fateful day, a dark cloud descended upon Serenity's Bounty. It brought with it a malevolent sorcerer known as Malazar, who sought to plunder the village's sacred emerald crystal - an artifact of immense power said to control the very essence of life itself.

As the villagers frantically barricaded their homes, Elara knew she couldn't stand idly by while her people suffered. With determination burning in her heart, she ventured forth to seek help from the council of elders"
"Romance, Slice of Life","Write a slice-of-life romance story about two students.  Title: ""Whispers of Love in the Library Stacks""

In the heart of a bustling university, nestled between towering buildings and sprawling green lawns, lay a quiet sanctuary - the library. For Anna, a third-year student majoring in history, it was her favorite place to escape from the clamor of campus life. The heavy scent of old books, the whispering rustle of pages turning, and the soothing hum of knowledge were her balms for the soul.

One evening, as she delved into yet another pile of archaic texts, her peripheral vision caught a pair of glasses perched precariously on the bridge of a nose that seemed remarkably out of place amidst the sea of students engrossed in their studies. A shiver ran down her spine, not due to the chill of the dimly lit room, but because those glasses belonged to him - Ethan, a quiet boy from her English literature class who always sat three desks away from hers.

Their paths had crossed before, brief exchanges filled with polite smiles and formal greetings, but never anything more substantial. But now, as they found themselves sharing this secluded corner of the"
"Fantasy, Adventure","Write a fantasy story about a young hero going on a journey.  Title: The Emerald Odyssey of Elyon

In the mystical realm of Eldoria, where ancient forests whisper secrets to those who listen and magical creatures roam freely, a young hero named Elyon embarked on an extraordinary journey. Born with an ethereal aura around him, his destiny was shrouded in mystery. As he grew older, visions of a cataclysmic event haunted his dreams - the dark force of Oblivion descending upon Eldoria, casting its shadow over the once vibrant lands.

One day, as he ventured deeper into the enchanted woods, he stumbled upon an aged, wise owl perched upon a gnarled oak tree. The owl revealed that Elyon's prophetic dreams were not just nightmares but rather visions of the future, and he had been chosen by the Council of Sages to save their world from destruction. With heavy heart, Elyon accepted his destiny and prepared for his arduous adventure.

The first leg of his journey took him to the crystal caves beneath Mount Seraphim. There, he discovered a hidden chamber containing the Oracle, a sentient gem"
"Romance, Slice of Life","Write a slice-of-life romance story about two students.  Title: ""Whispers of Love in the Library Stacks""

In the heart of the bustling university town, nestled between towering ivy-covered buildings and tree-lined pathways, stood the grand old library - a sanctuary for the intellectual souls seeking solace from the world outside. Among its countless shelves filled with wisdom and knowledge, two young students found their own story unfolding.

Eleanor, a sophomore with fiery red hair and sparkling blue eyes, was known as much for her academic prowess as she was for her radiant smile. Peter, a junior with dark brown hair and glasses, was equally respected for his deep understanding of literature and philosophy. Their paths had crossed during a literature class, but it wasn't until they were both engrossed in research for an upcoming project that their bond truly formed.

One late evening, as the sun dipped below the horizon painting the sky in hues of pink and orange, they found themselves alone in the dimly lit stacks. The air was heavy with the scent of old books and the soft hum of flickering lamplights. As they discussed their paper, their words flowed easily, intertwining like threads on"
"Fantasy, Adventure","Write a fantasy story about a young hero going on a journey.  Title: The Emerald Odyssey of Eiryn: A Tale of Valor and Enchantment

In the mystical realm of Eldoria, nestled between towering mountains and tranquil seas, a small village named Lumen thrived. Known for its vibrant emerald forests, shimmering waterfalls, and enchanted creatures, it was a place where magic flowed like the rivers themselves. Among the villagers, there lived a curious and courageous young girl named Eiryn, whose emerald eyes sparkled with an innate sense of wonder.

Eiryn's days were filled with learning the ways of nature from her mentor, the ancient tree spirit, Arborion. Her nights were spent listening to stories spun by her grandmother, Morwen, tales of heroes who battled fearsome beasts and wicked sorcerers to protect their land. Each story ignited in Eiryn's heart an unquenchable fire for adventure.

One fateful day, as she ventured deeper into the forest than ever before, Eiryn stumbled upon a hidden grove, within which lay a magnificent crystal orb glowing with ethereal light. As she"
"Romance, Slice of Life","Write a slice-of-life romance story about two students.  Title: ""Whispers in the Library Stacks""

In the heart of the bustling university town, nestled between ivy-covered buildings and cobblestone walkways, stood the grand, centuries-old library. It was here that two souls, bound by fate and the whispers of ancient knowledge, would intertwine their lives together, weaving a tale as timeless as the books they cherished. The first character in our narrative is Emma, a diligent history student, with a passion for books older than herself. Her heart echoed with the rhythm of words and stories, her soul nourished by the pages she turned. The second, Benjamin, an aspiring poet with eyes that sparkled like stars, sought solace and inspiration within the library's stacks.

Emma had spent countless hours within the library, engrossed in tales of forgotten empires and lost civilizations. One fateful day, while perusing the dusty tomes in the rare book section, she stumbled upon a peculiar tome with leather-bound covers etched with intricate symbols. As she opened the book, she felt a strange connection to its age-worn pages - the whispers of time seemed to dance"
"Fantasy, Adventure","Write a fantasy story about a young hero going on a journey.  Title: The Chronicles of the Silver Sword

In the mystical realm of Eldoria, nestled between towering mountains and vast oceans, an extraordinary tale unfolds. A young boy named Eamonn lived in the small village of Verdant Meadow, known for its lush greenery and radiant flowers. He was an orphan, with no memories of his family, but he had always felt a peculiar connection to a mysterious silver sword kept in the village library.

One day, a strange old man arrived at Verdant Meadow. His eyes were as green as emeralds, and he carried an air of wisdom. Intrigued by the boy's curiosity towards the silver sword, the old man revealed a hidden truth. The sword belonged to a legendary hero who fought against the dark sorcerer Malazar, protector of the underworld. The sword could only be wielded by one who possessed a pure heart and courage beyond measure.

Malazar, learning of this revelation, dispatched his minions to retrieve the silver sword. They swooped down upon Verdant Meadow, terrorizing villagers and causing chaos. The village elder, recogn"
"Romance, Slice of Life","Write a slice-of-life romance story about two students.  Title: Notes in Time

In the heart of a bustling city, amidst towering buildings and crowded streets, there lay an inconspicuous corner known as Parkview High School. Amidst the endless maze of corridors and classrooms, two souls found each other in the most unexpected of places - the school library. The library, a sanctuary for those who sought solace in the company of books, was where destiny brought together Emily Hartman, a quiet and contemplative senior, and Oliver Reynolds, a charming but troubled sophomore.

Emily had always been drawn to the library, finding comfort in its musty scent and the hush that enveloped it. Her passion for literature often led her to lose track of time, engrossed in tales spun by great minds. One crisp autumn afternoon, she arrived early to claim her favorite spot near the tall windows overlooking the park. As she settled down with her book, she noticed a lone figure standing near the shelves, clutching a worn-out copy of ""The Great Gatsby.""

Oliver, a boy with deep blue eyes that seemed to hold secrets and long-forgotten stories, had come to seek"
"Fantasy, Adventure","Write a fantasy story about a young hero going on a journey.  Title: The Emerald Enigma

In the mystical kingdom of Eldoria, nestled between the Whispering Wood and the Crystal Mountain, lived a young hero named Eirion. Known for his quick wit, unyielding courage, and an insatiable curiosity, he was loved by all. Yet, Eirion yearned for something more than the peaceful existence of a blacksmith's apprentice.

One fateful day, as he tended to the forge, a peculiar emerald stone fell from the heavens like a meteorite, causing a massive crack in the ground. It radiated an ethereal glow that filled everyone with awe and fear. Intrigued, Eirion ventured towards it, only to find an ancient prophecy etched upon its surface: ""When the star of destiny falls, the chosen one shall rise, breaking the chains of darkness and restoring the lost balance.""

Eirion felt an indescribable connection to this enigmatic stone; he knew he was the chosen one. With no hesitation, he embarked on a perilous journey across Eldoria, guided by the light of"
"Romance, Slice of Life","Write a slice-of-life romance story about two students.  Title: A Symphony of Love in the Library

In the heart of the bustling university town, nestled between ivy-covered buildings and narrow cobblestone lanes, stood an unassuming library. It was here that fate would intertwine the lives of two young souls seeking solace from the relentless pursuit of knowledge. The library was their sanctuary, a place where they could lose themselves in the pages of ancient texts and modern masterpieces alike. This is the tale of Melody, a second-year music student, and Harmony, a third-year physics major, both unaware that they were destined for something extraordinary.

Melody wandered through the labyrinthine stacks, her fingers tracing the familiar spines of books on music theory and composition. She sighed as she stumbled upon yet another book detailing the life and works of a long-dead composer. If only the librarian would stock more contemporary works! Her musings were interrupted by a soft cough, startling her. She looked up to find a handsome young man leaning against a shelf, offering her a knowing smile.

""I've been watching you, Melody,"" he said softly. ""You have"
"Fantasy, Adventure","Write a fantasy story about a young hero going on a journey.  Title: The Ember's Odyssey

In the mystical land of Ignis, where fire and magic intertwined, lived a young hero named Orion. The son of a blacksmith and a seeress, he was known for his fiery red hair and piercing blue eyes. As he grew older, Orion discovered that he possessed an extraordinary gift - the ability to control fire, a power passed down through generations in his family. This unique talent, however, was both a blessing and a curse. The King of Shadow, Malazar, sought to harness this power for his own nefarious purposes and threatened to destroy Orion's hometown, Solarea.

One fateful day, Malazar's minions attacked Solarea, burning houses and taking captives. Orion rushed to his village to find it engulfed in flames. In desperation, he called upon his innate powers and fought valiantly against the shadow creatures. He managed to save many lives but lost his dear parents in the battle. Fueled by rage and grief, he vowed to stop Malazar and free those taken by the King of Shadows.

Orion set out on a"
"Romance, Slice of Life","Write a slice-of-life romance story about two students.  Title: The Quiet Corner

In the bustling halls of Oakwood High School, a quiet corner near the library was the hidden sanctuary for two unassuming souls, Amelia and Ethan. The library, a labyrinth of books and knowledge, was their refuge, offering them an escape from the cacophony of teenage life.

Amelia, a petite girl with fiery red hair and glasses that magnified her big brown eyes, was the embodiment of intelligence and kindness. She adored everything about literature, finding solace in the stories of love, loss, and adventure that lay within the pages of every book she read.

Ethan, tall and lanky, with a shock of messy brown hair and a perpetual smile on his face, shared her passion for books. He had an unusual talent for understanding the subtleties of human nature and could extract profound wisdom from even the most mundane of texts.

Every day, without fail, they would meet at this quiet corner to discuss their latest reads, share their thoughts, and revel in each other's company. Their bond grew stronger with each passing day, like the roots of an ancient oak tree ent"
"Fantasy, Adventure","Write a fantasy story about a young hero going on a journey.  Title: The Chronicles of the Emerald Star

In the mystical land of Eldoria, nestled between the towering Crystal Peaks and the enigmatic Whispering Woods, lived a young hero named Eirion. He was an orphan, found as an infant amidst a field of golden sunflowers with a peculiar emerald star pendant around his neck. The pendant was said to be a gift from the legendary Eldorian queen, Aurelia, who ruled over the realm for centuries before her mysterious disappearance.

Eirion had always been curious about his origins, feeling drawn towards the tales of his birthplace and the ancient prophecy surrounding the emerald star. The prophecy spoke of a chosen one - a child born of no known parents, wearing an emerald star pendant, destined to restore peace and unity to the divided lands of Eldoria. As he grew older, Eirion's curiosity turned into determination; he would embark on a perilous quest to discover his heritage and unlock the secret powers that lay dormant within him.

One fateful day, as he ventured deeper into the Whispering Woods, Eirion stumbled upon a wise"
"Romance, Slice of Life","Write a slice-of-life romance story about two students.  Title: ""A Symphony of Shadows and Light""

In the bustling heart of Boston, a city of towering skyscrapers and vibrant streets, there existed a small, unassuming music school, nestled between ancient brick buildings and narrow alleys. Here, amidst the cacophony of life, two souls would find harmony in the echoes of notes from grand pianos and cellos.

Emma, a fiery redhead with sparkling green eyes, was a passionate violinist. Her fingers danced across the strings, weaving melodies that spoke of dreams and longing. She had a knack for capturing emotions, turning them into symphonies that made hearts sway and minds drift.

James, on the other hand, was a soft-spoken boy with dark, tousled hair and piercing blue eyes. He played the piano like a poet writes verses; with grace and finesse, imbuing each note with depth and meaning. His music whispered stories of love lost and found, hope deferred and earned, fear conquered and courage kindled.

Their paths crossed when Emma walked into the music room one day, her violin"
"Fantasy, Adventure","Write a fantasy story about a young hero going on a journey.  Title: The Scepter of Eternity: A Journey Beyond Time

In the mythical realm of Eldoria, nestled between the Whispering Woods and the Crystal Mountains, there lived a young man named Thoren. He was an orphan, raised by the wise hermit, Lirien, who tutored him in the lost art of Runecrafting.

One day, during their daily training session, they discovered an ancient prophecy inscribed on a hidden scroll - ""When shadows grow long, a hero will rise, bearing the Scepter of Eternity to challenge the darkness.""

The revelation stirred something deep within Thoren's spirit, awakening his inner strength and determination. He resolved to embark on a quest to find the Scepter of Eternity, hidden somewhere beyond the mysterious Veil of Oblivion, which separated Eldoria from the rest of the world.

Lirien, realizing that the prophecy had come to fruition, prepared Thoren for his journey, teaching him advanced spells and imbuing him with a powerful amulet known as the Hourglass Heart, capable of channeling time itself."
"Romance, Slice of Life","Write a slice-of-life romance story about two students.  Title: Whispers in the Wind: A Chance Encounter

In the heart of the bustling city of New York, where towering skyscrapers kissed the heavens and streets were teeming with life, a chance encounter sparked an extraordinary tale of love and friendship between two unlikely souls. The year was 1963, and the world was on the brink of change, as were the lives of our protagonists, Emily and Ethan.

Emily Martin, a young woman with fiery red hair and sparkling blue eyes, was a diligent student at Columbia University, pursuing her dreams of becoming a journalist. She had a quick wit, a keen intellect, and an insatiable curiosity for the world around her. Her days were filled with lectures, research, and scribbling notes in her small notebook.

Ethan Miller, a quiet and contemplative man, with dark eyes that could pierce your soul, was studying to become a teacher at Teachers College, Columbia University. He possessed an unparalleled passion for literature and history, and a unique ability to connect with others through his words. His days were spent engrossed in books, planning lessons, and"
"Fantasy, Adventure","Write a fantasy story about a young hero going on a journey.  Title: The Chronicles of Eldoria: A Tale of Valor and Mystery

In the mystical land of Eldoria, nestled between the Whispering Woods and the Crystal Mountains, lived a young hero named Errol Starlight. The son of a blacksmith and a wandering bard, he was renowned for his strength, wisdom, and kind heart.

One fateful day, as Errol worked in his father's forge, an old man cloaked in purple robes entered the village square. He was the enigmatic Seer of Fate, who claimed to have visions of dark forces stirring across the realm. His prophecy shook the townsfolk with its ominous tone: ""A great evil awakes; a blight upon Eldoria! The key to her salvation lies within a child born under the Star of Courage.""

Errol, captivated by this tale, looked up at the sky and noticed the constellation of the Star of Courage, which seemed brighter than ever before. Was it mere coincidence or fate?

With a newfound resolve, Errol set off on a perilous journey to un"
"Romance, Slice of Life","Write a slice-of-life romance story about two students.  Title: ""Whispers in the Wind""

In the heart of the bustling city of Verona, nestled amidst towering skyscrapers and vibrant markets, stood an old library - a sanctuary for the quiet minds. It was here that two young souls found solace, two lost hearts seeking solitude amidst the chaos of growing up; a quiet boy named Alexander, and a vibrant girl named Isabella. The library was their haven, where they could escape the world outside and let their thoughts wander with the pages of their books.

Alexander, with his glasses perched precariously on the bridge of his nose and a head full of curly brown hair, would spend hours engrossed in the tales of great writers. He had a quiet charm to him, the kind that made people feel comfortable around him. His calm demeanor often masked the turbulence within him.

Isabella, on the other hand, was a whirlwind of energy. Her laughter echoed through the empty halls, her eyes sparkled with curiosity, and her spirit was unbreakable. But beneath this bubbly exterior lay a vulnerability that she guarded fiercely"
"Fantasy, Adventure","Write a fantasy story about a young hero going on a journey.  Title: The Quest for the Azure Orb

In the verdant kingdom of Eldoria, nestled between towering mountains and meandering rivers, there lived a young hero named Elara. She was the only child of the esteemed blacksmith, Eamon, whose craftsmanship was renowned throughout the land.

One day, as Elara was tending to her chores, a mysterious stranger arrived in town. He carried an air of mystery that intrigued Elara, and she could not help but be drawn to him. The stranger spoke of a prophecy, one foretold by the ancient seers of Eldoria: that a brave young hero would embark on a perilous quest to retrieve the Azure Orb, a powerful artifact said to grant immense power to its wielder. This orb was stolen by the cruel sorceress Morgana, who sought to plunge Eldoria into eternal darkness.

The stranger revealed that he was the last remaining member of the Order of Light, sworn protectors of the Azure Orb. Alas, his fellow brethren had fallen during their attempt to reclaim the orb, and it was now up to Elara to carry on their"
"Romance, Slice of Life","Write a slice-of-life romance story about two students.  Title: ""A Symphony of Love Notes""

In the bustling heart of the university, nestled among towering ivy-covered buildings and sprawling green lawns, lay the picturesque campus of the University of Harmony. The autumn leaves rustled as they danced through the crisp air, heralding the arrival of a new academic year. It was here, in this symphony of education and camaraderie, that two souls, destined to intertwine like the melodies of a concerto, found themselves sitting side by side in a vibrant, overcrowded lecture hall.

Amelia Whitman, a young violin prodigy with fiery red hair and passionate emerald eyes, was a freshman music major. She had transferred from a prestigious conservatory in Boston after deciding that the stifling environment was not conducive to her artistic growth. Driven by dreams of perfection and determined to make her mark on the world, Amelia threw herself into her studies with an intensity that was both inspiring and intimidating.

Seated next to her was Nicholas Montgomery, a quietly confident senior pursuing a degree in composition. A seasoned veteran of the college scene"
"Fantasy, Adventure","Write a fantasy story about a young hero going on a journey.  Title: The Enchanted Voyage of Elara

In the mystical realm of Eldoria, nestled between the Whispering Woods and the Celestial Mountains, lived a young girl named Elara. She was known for her fiery red hair and her keen intelligence, but most importantly, she possessed an extraordinary gift: the ability to communicate with magical creatures.

One day, while wandering through the woods, Elara stumbled upon an ancient scroll hidden within a hollow tree. Unrolling the parchment, she read aloud a prophecy that foretold the awakening of the Malefic Dreamweaver, an evil sorcerer who would cast darkness over Eldoria unless stopped by the chosen one.

Instantly, Elara knew that the prophecy spoke of her. With determination in her heart, she set off on a perilous journey across the enchanted land to gather three sacred artifacts needed to defeat the Malefic Dreamweaver.

Her first destination lay within the Celestial Mountains where the Crystal of Time was rumored to reside. As Elara ascended the steep mountain trails, she encountered various mythical beasts, from the fire"
"Romance, Slice of Life","Write a slice-of-life romance story about two students.  Title: ""Whispers in the Wind""

In the quaint, sun-drenched town of Willowbrook, nestled between rolling hills and a sparkling river, stood an old, ivy-covered library, where two young souls found solace, love, and everything in between. The characters of our tale were Olivia Meadows, a brilliant, passionate history major with fiery auburn hair, and Ethan Whitaker, a budding linguist with a heart as vast as the universe he endeavored to understand.

Olivia was a frequent visitor to the library, immersing herself in centuries-old manuscripts and tomes, while Ethan spent hours poring over ancient texts and exotic scripts, seeking to unlock their hidden secrets. Their paths crossed one fateful day when Olivia stumbled upon an unreturned book in the returning section. Upon opening the book, she was greeted by the sight of a letter from Ethan explaining his inability to return the book on time due to an illness. She felt an immediate connection and decided to seek him out.

Ethan was lying in bed, his brow furrowed in concentration as he tried to decipher a particularly difficult"
"Fantasy, Adventure","Write a fantasy story about a young hero going on a journey.  Title: The Enchanted Voyage of Eldon Thorne

In the mystical realm of Myrrhvale, nestled between the Everglade Forest and the Crystal Mountains, lay the quaint village of Esterelle. The village was known for its radiant blue-green rivers, the lush, verdant valleys, and the magnificent Castle Eldridge atop the hill.

Eldon Thorne, a young, spirited lad of thirteen, lived with his mother in a cozy cottage on the outskirts of the village. His father, Sir Gideon Thorne, had mysteriously disappeared nine years ago, leaving behind only a cryptic map that hinted at a hidden treasure.

One evening, Eldon stumbled upon an old scroll concealed beneath loose floorboards in their humble home. The parchment detailed the prophecy of the ""Savior of Myrrhvale,"" who would rise against the impending darkness encroaching upon the once peaceful realm. The prophesied hero was said to possess unmatched courage, wisdom, and an unyielding spirit – qualities Eldon believed he possessed.

Driven by an overwhelming curiosity and"
"Romance, Slice of Life","Write a slice-of-life romance story about two students.  Title: ""Whispers in the Stacks: A Library Love Story""

In the heart of the bustling city, nestled between towering skyscrapers and busy streets, stood an unassuming brick building: The Townsend Public Library. For many, it was a sanctuary from the cacophony of urban life, offering solace in its hushed halls and endless rows of books. It was here that our tale begins.

Elizabeth, a vibrant young woman with fiery red hair and eyes that sparkled like gemstones, was a dedicated librarian's assistant. She loved the quiet serenity of her workplace, finding solace amidst the pages of dusty tomes and the soft hum of turning pages. Her favorite section was the stacks - the vast, labyrinthine shelves where the less popular books were stored.

One day, as she was rearranging some books in the stacks, she heard a faint cry for help. Puzzled, Elizabeth followed the sound and found herself face to face with another young patron, Daniel, a broodingly handsome man with raven hair and piercing blue eyes. He had tripped over a mis"
"Fantasy, Adventure","Write a fantasy story about a young hero going on a journey.  Title: The Sword of the Starry Night

In the mystical land of Eldoria, nestled between the Everglade Forest and the Crystal Mountains, there lived a young boy named Eamonn. He was an orphan, raised by the wise old sorcerer, Alistair, who had taken him in after finding him abandoned at the edge of his enchanted woodland home.

One fateful night, as Eamonn gazed out from his tower window, he saw something that would change his life forever. A comet streaked across the star-studded sky, leaving a trail of shimmering silver light. As it vanished into the horizon, a mysterious sword appeared, half buried within a patch of the enchanted forest below.

Intrigued, Eamonn went to investigate. Upon reaching the spot where the sword lay, he felt a surge of energy flow through him, and the sword's handle emerged from the ground, calling out to him. Its name was Excalibur, the Sword of the Starry Night.

With Alistair's guidance, Eamonn embarked on a quest to uncover the true purpose of Excal"
"Romance, Slice of Life","Write a slice-of-life romance story about two students.  Title: Notes of Love in the Library

In the quiet corner of the bustling university library, Amelia, a shy third-year literature student, found herself engrossed in a dusty, old tome. The sunbeams dancing through the stained glass windows illuminated her worn leather-bound book as she traced her fingers over the faded letters.

Across the room, Ethan, a fourth-year physics major, sat with his eyes glued to a textbook, oblivious to the world around him. His pencil scribbled furiously on the pages, making notes for an upcoming exam.

Their paths crossed when Amelia's books slid off the table and landed at Ethan's feet. He looked up, startled, before noticing the books scattered around him. A soft smile played upon his lips as he picked them up and handed them back to their owner.

""Thank you,"" Amelia said, blushing slightly. Her heart fluttered in her chest like a trapped bird trying to escape.

Ethan grinned, ""No problem. I guess we have something in common – a love for these ancient tomes.""

They shared a moment"
"Fantasy, Adventure","Write a fantasy story about a young hero going on a journey.  Title: The Chronicles of Elyndar: A Journey Through the Veil

In the enchanted realm of Elyndar, nestled between the mystical Forest of Whispering Shadows and the towering Crystal Peaks, there lies a quiet village called Elderglen. A place where the tales of old still echoed in the rustling leaves and whispers carried by the wind.

Our young hero, Elara Moonwhisper, was an orphan who had grown up in the humble cottage on the edge of Elderglen. She spent her days wandering the forest trails, listening to the ancient stories told by the village elder, and helping her dear friend, Fintan, with his chores at the local blacksmith's forge.

One day, while gathering firewood near the outskirts of the village, Elara stumbled upon a strange portal shimmering like liquid silver. As she gazed into its depths, she heard a voice that seemed to come from within. ""Chosen one,"" it whispered, ""the realm is unbalanced, and only you can restore harmony.""

Fearing for her safety, Elara hesitated but"
"Romance, Slice of Life","Write a slice-of-life romance story about two students.  Title: A Whisper of Autumn Leaves

In the quaint, picturesque town of Willow's Edge, nestled between the rolling hills and the sparkling river, stood the prestigious Willowbrook Academy, a beacon of learning and intellectual growth. The autumn air was crisp, filled with the scent of burning leaves and the distant sound of laughter echoing from the schoolyard.

Among the sea of students, two souls wandered hand in hand, their fingers intertwined like two branches of an ancient oak tree. Their names were Penelope, a fiery-haired, freckle-faced girl with a passion for poetry and literature, and Theodore, a quiet, introspective boy who loved to draw and compose music. They had been inseparable since their first day at Willowbrook, and their friendship blossomed into something more beautiful than either of them could have imagined.

One sunny afternoon, as they sat upon a weathered stone bench beneath the sprawling limbs of a giant willow tree, the leaves above them rustling gently in the breeze, Theodore pulled out a small notebook. He flipped through its pages until he found"
"Fantasy, Adventure","Write a fantasy story about a young hero going on a journey.  Title: The Quest of the Emerald Scepter

In the mystical realm of Eldoria, nestled between towering mountains and sparkling rivers, lay the enchanting Kingdom of Luminara. The kingdom was known for its vibrant gardens, radiant castles, and the legendary Emerald Scepter, a symbol of unity, wisdom, and power that was passed down through generations of ruling monarchs.

Prince Eamon, a kind-hearted and intelligent young man, had always been entranced by the tales of the scepter's ancient powers, but his life changed drastically when King Eldric was murdered in a shocking ambush. With no heir apparent, the throne was left vacant, and Eldoria plunged into chaos.

Determined to protect his kingdom from falling into darkness, Eamon set out on a perilous quest to find the legendary Emerald Scepter and restore peace to his beloved home.

Eamon embarked upon his journey with only his faithful steed, Midnight, and a mysterious map that led him to four trials designed to test his courage, intelligence, and resolve. Throughout his travels, he encountered magical creatures,"
"Romance, Slice of Life","Write a slice-of-life romance story about two students.  Title: Love in the Library Stacks

In the heart of the bustling campus, nestled between towering academic buildings, lay the tranquil sanctuary of the university library. The aged wooden shelves groaned with the weight of centuries-old tomes and modern electronic devices alike, all waiting to be discovered by eager minds. Here, among the maze of books, stories began to unfurl, weaving intricate patterns that connected souls destined to meet. This was the stage for our tale of love and learning.

At the start of each semester, the library swelled with new faces, and one such face belonged to Emily, a first-year student majoring in literature. Her eyes sparkled with curiosity as she navigated the labyrinthine corridors, seeking wisdom within the pages of countless volumes.

One day, as Emily delved deep into a dusty corner, her gaze fell upon a shy young man, Lucas, who had been engrossed in a book on the floor nearby. His glasses slipped down his nose as he furrowed his brow in concentration, a picture of pure intellectual passion. As their gazes locked, time seemed to stand still, and a connection blossomed between them"
"Fantasy, Adventure","Write a fantasy story about a young hero going on a journey.  Title: The Odyssey of Elandria

In the verdant realm of Eldoria, nestled within the heart of the Whispering Woods, lived a young hero named Elandria. Known for his courage and wisdom beyond his years, Elandria was admired by all who knew him. However, one fateful day, he received a prophecy from the ancient seer, Oraculus: ""A great calamity lies ahead; you must embark on a quest to restore balance to our land.""

As dawn broke the next day, Elandria set out towards the mysterious Dark Passage, rumored to hold the answer to the prophecy. Along his journey, he encountered various creatures that tested his mettle and wit. From the cunning trap-laying Skulkwood Squirrels to the colossal Goliath Grasshoppers with their deafening roars, each obstacle challenged his resolve and ingenuity.

However, Elandria pressed on, guided by Oraculus' cryptic words. As he ventured deeper into the passage, he stumbled upon a hidden library guarded by the grumpy Librarian, a giant"
"Romance, Slice of Life","Write a slice-of-life romance story about two students.  Title: Whispers in the Stacks

In the heart of a quiet university town, nestled among towering oaks and ivy-covered buildings, stood the grand library, a beacon for those seeking knowledge and solace. It was here that two young souls found each other amidst the musty books and flickering candlelight. The year was 1920, an era of flappers, prohibition, and burgeoning independence for women.

Eleanor Davenport, a studious co-ed with fiery red hair and green eyes as bright as emeralds, would often find herself lost in volumes of poetry and philosophy. She dreamt of exploring the world beyond her small hometown, but for now, she poured every waking moment into her studies and the quiet companionship of her books.

One fateful evening, as Eleanor wandered the labyrinthine stacks in search of a particularly elusive work by Oscar Wilde, she collided with another student, a reserved yet intriguing young man named Oliver Blackwood. His dark, curly locks were disheveled from hours spent poring over ancient tomes, and his eyes seemed to spark"
"Fantasy, Adventure","Write a fantasy story about a young hero going on a journey.  Title: The Enchanted Obsidian

In the mystical land of Zephyr, nestled between the Whispering Woods and the Crystal Peaks, there lived a young orphan named Eamonn. Unbeknownst to him, he was destined for greatness. In the quiet village of Willowbrook, life was tranquil and uneventful, save for the annual Summer Solstice Festival. It was during this celebration that a mysterious old woman with a wrinkled, leathery face and eyes as dark as the deepest midnight, approached him.

""Child,"" she said in a voice like the rustling of autumn leaves, ""I have seen your future. You possess an extraordinary gift, one that has not been witnessed in these lands for centuries. A darkness is coming, and you must rise to meet it."" With those cryptic words, she placed a small obsidian pendant around his neck and vanished into the gathering twilight.

The villagers, alarmed by her prophecy, spoke in hushed tones of impending doom. Eamonn, however, paid them little mind. He had always felt a pull towards adventure; it"
"Romance, Slice of Life","Write a slice-of-life romance story about two students.  Title: Whispers in the Wind

In the heart of the bustling university town, amidst the cacophony of chalk against blackboard and laughter echoing in the halls, a quiet love story unfolded. The protagonists were two ordinary students, both diligent and shy, who found themselves entangled in an extraordinary dance of emotions.

Emily, a petite girl with fiery red hair and a mind as sharp as a tack, was studying for her Master's in English Literature. She loved the works of Shakespeare, Jane Austen, and Virginia Woolf, finding solace and inspiration in their words.

Joshua, tall, lanky, and bespectacled, was a mathematics prodigy. His passion lay not just in solving complex equations but in teaching them to others. He found beauty in numbers, patterns, and the logic that governed the universe.

Their paths crossed on a typical autumn day when Emily stumbled upon a math problem scrawled on the board in a corner of the classroom. It piqued her curiosity, and she decided to ask the teacher for help. The teacher pointed towards the back row, where Joshua sat, head"
"Fantasy, Adventure","Write a fantasy story about a young hero going on a journey.  Title: The Echoes of Avalon: The Tale of Eldric the Bard

In the verdant realm of Eldoria, nestled between towering peaks and sparkling rivers, lay the tranquil village of Lyrewood. In this idyllic hamlet, lived an extraordinary boy named Eldric, a gifted bard whose songs could heal hearts and mend souls.

One fateful day, the village elder approached Eldric with a solemn request. He shared tales of ancient prophecies that spoke of a great darkness encroaching upon Eldoria, threatening to consume its very essence. The only hope, the elder confided, was the hidden artifact known as the Heartstone. It was said to possess the power to banish the impending doom.

Eldric, driven by his love for his home and friends, agreed to embark on a perilous quest to find the Heartstone. With little more than his lute, courage, and a magical map left behind by his late father, he began his journey towards the legendary land of Avalon.

His path led him through enchanted forests and across treacherous mountains, where mythical creatures"
"Romance, Slice of Life","Write a slice-of-life romance story about two students.  Title: A Whisper in the Stacks

In the heart of the bustling university library, amidst towering shelves filled with countless stories and knowledge, two souls intertwined their paths one fateful day. The library, always vibrant with the hum of thoughts and ideas, was never too quiet for chance encounters. It was here that Alex, a third-year philosophy student, and Maya, an ambitious first-year history major, would find themselves lost in more than just the pages of their books.

It began with a simple request. Maya needed help finding a particularly elusive volume on ancient civilizations. Her search had been fruitless, and as she perused the endless labyrinth of books, she stumbled upon a young man engrossed in a dense philosophy tome. With a hesitant smile, she asked if he might be able to guide her to her destination.

Alex looked up from his book, surprised by this beautiful stranger. With a charming grin, he obliged her request, leading Maya through the dimly lit corridors and explaining the intricacies of the library's organization system. Throughout the journey, they laughed at shared jokes, spoke about dreams, and discovered common"
"Fantasy, Adventure","Write a fantasy story about a young hero going on a journey.  Title: The Enchanted Forest of Eldoria

In the quaint village of Serenity's Hollow, nestled between towering mountains and an emerald forest, lived a young hero named Eamon. He was not your typical hero; his heart was as pure as the crystal waters of the nearby lake, and his spirit as fierce as the roaring river that flowed through the town.

One day, as the sun dipped below the horizon, casting long shadows across the village, a peculiar event occurred. A shooting star streaked through the twilight sky, piercing the veil of darkness, and landed deep within Eldoria Forest. Intrigued by the sight, Eamon knew he must find out what this magical occurrence meant for their peaceful village.

The following morning, he ventured into the dense woods, armed with only his trusty sword and a small bag of provisions. The forest seemed to come alive as Eamon entered its depths, whispers of leaves rustling, birds singing melodious tunes, and mysterious creatures lurking in the shadows.

As he journeyed deeper into Eldoria Forest, he came upon a clearing, where the fallen star had landed. As he"
"Romance, Slice of Life","Write a slice-of-life romance story about two students.  Title: A Symphony of Love in the Halls of Harmony

In the heart of the bustling city, nestled amidst towering skyscrapers and vibrant markets, lay an unassuming school: Harmony High School. Known for its exceptional music program, it was a sanctuary for young musicians who sought to nurture their passion. The halls reverberated with the sweet symphony of budding talents and the melodious echoes of dreams.

Amidst the sea of students, two freshmen found themselves entangled in an unexpected melody of love. For Lila Monroe, a violin prodigy, and Ethan Harper, a charismatic saxophonist, their paths crossed under the most ordinary of circumstances - during the first day orientation at Harmony High.

Lila, her eyes filled with trepidation, navigated the unfamiliar corridors seeking her locker when she collided headfirst into Ethan, who was carrying a cumbersome pile of textbooks and sheet music. Both were taken aback, but after a few moments of awkward silence, Ethan managed to compose himself enough to extend his hand to help Lila up."
"Fantasy, Adventure","Write a fantasy story about a young hero going on a journey.  Title: The Echoes of Eldoria

In the mystical realm of Eldoria, nestled between the towering Whispering Woods and the boundless Sea of Time, lived a young hero named Elysia. Known for her golden hair that shimmered like sunlight on the surface of the sea, and eyes as blue as the skies above, she was destined for greatness.

One day, an ancient prophecy echoed through the village, speaking of a calamity threatening to consume the world. A shadowy darkness had started creeping from the heart of the Whispering Woods, causing trees to wither and animals to flee in terror. The elders, sensing the imminent danger, summoned Elysia to embark on a perilous journey to save Eldoria.

With a heavy heart, Elysia bid farewell to her family and friends. Guided by the wisdom of the Oracle, a wise old woman who lived within the depths of the woods, she ventured forth to face the unknown.

Her first stop was the enchanted town of Luminora, where a magical fountain whispered secrets to those"
"Romance, Slice of Life","Write a slice-of-life romance story about two students.  Title: The Quiet Harmony of Two Hearts

In the quaint, sun-kissed town of Maplewood, nestled between the verdant hills and a serene lake, stood Maplewood High School - a sanctuary for young minds seeking wisdom and companionship. In this tranquil setting, a tender tale unfolds, weaving together the threads of two extraordinary lives - those of Emily Thompson and Sam Harper.

Emily was a curious girl with a zest for life. She had sparkling blue eyes that twinkled with an insatiable thirst for knowledge, a vibrant smile that could light up even the darkest corners, and a heart brimming with warmth and kindness. Her love for art and literature was palpable; her works of art always found a place in school exhibitions, while her stories resonated with every reader who chanced upon them.

Sam, on the other hand, was a quiet soul. A diligent student, he excelled academically and shone as the lead in the school's annual drama production. Despite his talent, he preferred to keep to himself, enjoying the solace of his books and the company of nature more than any human"
"Fantasy, Adventure","Write a fantasy story about a young hero going on a journey.  Title: The Echoes of the Crystal Scepter

In the enchanted realm of Eldoria, nestled between the Whispering Woods and the Crystal Mountains, a young boy named Eolan lived a simple life with his mother, Ailsa. The village elder had prophesied that Eolan was destined to become the Guardian of the realm, wielding the ancient Crystal Scepter and preserving the delicate balance between light and darkness.

One fateful day, as Eolan roamed the woods near his home, he stumbled upon an ominous shadow creeping toward the village. His heart pounded in his chest as he recognized it as a harbinger of the returning Nightmare, a being bent on plunging Eldoria into eternal darkness.

Ailsa noticed her son's distress and took him to the village elder. He revealed the truth of the prophecy and entrusted Eolan with a small, gem-encrusted scepter, explaining it would grow into the mighty Crystal Scepter when activated by his destiny. Armed with newfound courage, Eolan ventured forth, determined to protect his home.

The"
"Romance, Slice of Life","Write a slice-of-life romance story about two students.  Title: Whispers in the Wind: A Tale of Two Students

In the heart of the bustling city, nestled between towering skyscrapers and teeming streets, lay an ancient library, a sanctuary for the minds of many. It was here that our tale unfolds, where time seemed to stand still amidst the chaos of modern life. In this grand institution of knowledge, two souls found each other - Emily, a quiet, bookish girl, and Daniel, a charming, free-spirited young man.

Emily, with her raven hair and deep brown eyes, would spend hours engrossed in the vast, musty tomes, lost in their tales. She had a secret passion for poetry, finding solace in verses that echoed her own thoughts and emotions. The library was her home; it was there she sought refuge from the harsh realities of life outside its walls.

Daniel, on the other hand, was a vivacious character, always filled with laughter and stories. He danced through the corridors of the library like a lark, flitting from one book to another. His enthusiasm for literature was infectious, and he often shared his discoveries with"
"Fantasy, Adventure","Write a fantasy story about a young hero going on a journey.  Title: The Sapphire Seeker's Quest

In the mystical land of Lyra, nestled between the Whispering Woods and the Crystal Mountains, a young hero named Elara was born with an extraordinary gift - the ability to communicate with animals. This rare talent had earned her respect among her fellow villagers, but it also made her feel isolated, as she often found herself drawn away from her home to help those in need.

One fateful day, as Elara wandered through the woods, she stumbled upon a beautiful sapphire that seemed to pulse with an otherworldly energy. Intrigued, she picked up the gem and felt an immediate connection to it. As if sensing her curiosity, the sapphire spoke to her, revealing that it was not an ordinary gemstone, but rather a key to a hidden realm, guarded by the fearsome Shadow Beast.

The sapphire explained that only someone pure of heart could unlock its true power and defeat the creature, which had plagued the realm for centuries. With a newfound sense of purpose, Elara resolved to embark on a quest to find the legendary weapons needed to face the Shadow Beast and"
"Romance, Slice of Life","Write a slice-of-life romance story about two students.  Title: ""Whispers in the Library Stacks""

In the heart of the bustling city of New York, nestled between towering skyscrapers and crowded streets, was a quaint, old library known as the Havenwood Library. This sanctuary of knowledge was the only place that could silence the chaos of the city for a moment and offer a peaceful retreat to those seeking solace amidst the books.

Among its countless visitors, two students found themselves drawn to this sanctuary more than any other place. The library became their refuge, a secret haven where they could lose themselves in the world of literature and escape the pressures of exams and everyday life.

Emma, a studious sophomore with fiery red hair and glasses that framed her intelligent eyes, had always been an avid reader. Her love for books transcended genres and languages; she believed that each book held a piece of humanity's collective wisdom. She spent hours engrossed in novels, analyzing every word and sentence, her mind buzzing with possibilities and ideas.

Michael, a tall, brooding senior with a penchant for mystery novels, found himself constantly captivated by the thrill of"
"Fantasy, Adventure","Write a fantasy story about a young hero going on a journey.  Title: The Enchanted Quest of Elysia

In the mystical realm of Eldoria, nestled between the Whispering Woods and the Crystal Sea, lived a curious girl named Elysia. With hair as golden as the sun's first rays and eyes shimmering like starlight, she was known throughout the land for her wisdom beyond her years.

One fateful day, while exploring the outskirts of her village, Elysia stumbled upon an ancient prophecy inscribed upon the mossy trunk of a venerable oak tree. It spoke of a looming danger that would engulf Eldoria if a hero from a forgotten lineage were not to find the three enchanted artifacts hidden within the labyrinthine forest.

Fearing for the safety of her home, Elysia embarked on a perilous quest, armed with little more than her wit, courage, and the mysterious pendant gifted to her by the oak tree itself - said to possess the power to guide those destined for greatness.

As the days passed, Elysia traversed treacherous paths, battling beasts of night"
"Romance, Slice of Life","Write a slice-of-life romance story about two students.  Title: A Symphony of Love in the Library Stacks

In the hushed halls of Winchester Academy, amidst the centuries-old books and silent scholars, a delicate melody bloomed. It was the tender tale of two young souls finding solace, understanding, and ultimately love amidst the labyrinthine walls of their shared sanctuary - the library.

Emily, a shy sophomore with flaxen hair and an insatiable curiosity for the written word, found herself often lingering after hours, lost in the pages of dusty tomes. Her heart beat in rhythm with the ancient clock that ticked away time in the grand reading room, reminding her of the fleeting moments she held within its hallowed halls.

One evening, as Emily traced her finger down the spine of a leather-bound novel, she felt a gentle tap on her shoulder. Startled, she turned around to find a stranger standing before her. His eyes twinkled with curiosity and kindness; his name was Oliver. The encounter was brief yet profound, as they shared a smile before he disappeared into the shadows, leaving behind a symphony of emotions that danced in Emily's heart.

Over"
"Fantasy, Adventure","Write a fantasy story about a young hero going on a journey.  Title: The Emerald Quest

In the mystical realm of Elysium, nestled between towering mountains and sparkling rivers, lies the small, tranquil village of Verdant Vale. In this idyllic setting, our tale begins with its youngest and bravest resident, a young boy named Elric.

Elric was no ordinary child. At the tender age of twelve, he possessed an innate ability to commune with the earth, the wind, and even the stars themselves. Whispers of his extraordinary talents had reached far-off lands, catching the attention of the malevolent sorceress, Malice Morgenstern.

One fateful day, as Elric wandered through the verdant woods, he stumbled upon a peculiar stone resting within a hollow tree. It glowed emerald and pulsed with energy unlike anything he'd ever felt before. Instantly, he sensed its importance - it was a powerful artifact known as the Heartstone, the key to unlocking the ancient powers hidden within him.

Malice Morgenstern, aware of the boy's unique gifts, desired to harness them for her own dark purposes. She sent"
"Romance, Slice of Life","Write a slice-of-life romance story about two students.  Title: Notes in the Wind

In the heart of the bustling city, amidst towering skyscrapers and the hum of urban life, there existed a small, secluded corner - an oasis of tranquility nestled between the concrete jungle. It was here that our tale unfolds, under the shade of a single, ancient oak tree, where the leaves whispered secrets to anyone who dared to listen. The park, with its vibrant cherry blossoms and lush greenery, became a sanctuary for two young souls, weary from the trials of adolescence, seeking solace and connection amidst chaos.

Emma, a timid sophomore with wild curls cascading down her back, found herself drawn to this hidden nook each day after school. Her heart longed for escape from the monotony of homework and the endless parade of classmates, all vying for her attention. In the silence of the park, she could finally let go of her guard and breathe.

One fateful afternoon, as Emma sat on the worn wooden bench beneath the old oak tree, she noticed him - a tall, lanky junior with glasses perched precar"
"Fantasy, Adventure","Write a fantasy story about a young hero going on a journey.  Title: The Enchanted Quill: A Tale of Courage and Wisdom

In the heart of the magical realm of Eldoria, nestled between the Whispering Woods and the Crystal Mountains, lay the serene village of Veldarie. The village was home to many peculiar beings, each with their own unique abilities and secrets, living in harmony under the protective gaze of the benevolent King Valorion.

Our young hero, Ember, was the eldest son of Master Scribe, a revered artisan who crafted the sacred Scrolls of Destiny that guided the fate of Eldoria. However, unlike his father, Ember could not channel magic through his quill, a fact that had always caused him great frustration and self-doubt.

One fateful day, while searching for inspiration amidst the dusty scrolls in his father's workshop, Ember stumbled upon an ancient, untouched scroll. As he brushed away years of accumulated dust, the scroll seemed to hum with life, beckoning to him.

Curiosity piqued, Ember took the scroll outside, beneath the shimmering glow of the midnight moon. He"
"Romance, Slice of Life","Write a slice-of-life romance story about two students.  Title: A Symphony of Whispers

In the heart of the bustling city of Boston, nestled between towering skyscrapers and ivy-covered universities, a love story unfolded like an untouched sonata, full of subtle harmonies and whispered melodies. In this grand symphony of existence, two souls found themselves drawn together by fate, their hearts resonating in a rhythm unique to them alone. The tale of Oliver and Amelia was one that echoed through the halls of Berkley College, a testament to the power of serendipity and the beauty of a shared journey.

Oliver Reynolds, a third-year student, was known for his radiant blue eyes and his insatiable appetite for knowledge. He had been enchanted by the world since birth, devouring every book he could lay his hands on, from Shakespeare's timeless tragedies to the complex equations of modern physics. His fascination with life extended beyond academic pursuits; his keen interest in music and art also spoke volumes about the depth of his soul.

Amelia Hartsworth, on the other hand, was a first-year student with a magnetic charm and a rad"
"Fantasy, Adventure","Write a fantasy story about a young hero going on a journey.  Title: The Chosen Path: A Tale of the Unseen Realm

In the quaint, secluded village of Elderton, nestled between towering mountains and whispering woods, lived a young blacksmith named Eamonn. His days were filled with forging weapons, mending armor, and tending to his ailing father. However, little did Eamonn know that his destiny lay beyond the familiar confines of his home.

One fateful night, as the moon cast its silvery glow over Elderton, a mysterious stranger arrived in town. He introduced himself as Sir Aldric, a knight of the legendary order known as The Unseen Guardians. He told the villagers that a dark force was rising from the depths of the Shadowfell, threatening their peaceful existence. As the last hope for their salvation, he sought a young champion to join him on an arduous quest.

Eamonn listened to the tales of darkness descending upon the land with a heavy heart. Although he lacked experience and magical abilities, he felt an innate pull towards the call to adventure. Without hesitation, he accepted Sir Aldric's offer.

As they vent"
"Romance, Slice of Life","Write a slice-of-life romance story about two students.  Title: ""Whispers in the Stacks""

In the hushed, musty halls of the venerable university library, two students, Amelia and Lucas, found themselves drawn together in an unlikely romance. The library was their sanctuary, a place where they could escape from the pressures of student life and lose themselves in the vast expanse of knowledge contained within its ancient walls.

Amelia, a third-year English literature major, had long, dark hair that cascaded down her back like a waterfall, and eyes that sparkled with intelligence and curiosity. Her favorite spot was a secluded corner near the old, leather-bound books, where she would spend hours engrossed in her reading, oblivious to the world around her.

Lucas, on the other hand, was a second-year history major with a passion for archaeology. He was tall and lanky, with a mop of unruly brown hair and piercing blue eyes that seemed to see right through people. His preferred spot was a small study room at the heart of the library, filled with books and papers strewn across tables, and a half-empty coffee cup that seemed to follow him wherever he went"
"Fantasy, Adventure","Write a fantasy story about a young hero going on a journey.  Title: The Echo of the Enchanted Forest

In the heart of the mystical realm of Eldoria, nestled between towering mountains and verdant valleys, lies the enchanting Enchanted Forest. Known for its ethereal beauty and magical creatures, this land is revered by many as a sanctuary and a source of inspiration for those who seek it out.

Our young hero, Elora, was an orphan raised in a quaint village at the edge of the forest. She spent her days dreaming of the magic that lay within its depths, longing to explore its secrets and unlock the mysteries of her lineage. One fateful day, a mysterious old woman visited the village, claiming to be a seer from the very forest itself. She told Elora of her destiny as a guardian of the land, chosen to protect Eldoria from the darkness looming on the horizon.

With the old woman's guidance, Elora embarked on her journey into the Enchanted Forest. As she ventured deeper, she encountered various mythical beings – from wise centaurs to mischievous fairies and even talking animals. Each creature presented her with"
"Romance, Slice of Life","Write a slice-of-life romance story about two students.  Title: Whispers in the Wind

In the quaint town of Willowbrook, nestled between rolling hills and verdant forests, two students found themselves sharing stolen moments amidst their daily lives. The town was peaceful, but the lives of these two teenagers were anything but serene. Their hearts danced to the rhythm of an unspoken love, a melody that echoed through the wind and whispered secrets to the stars.

Eleanor, a vibrant young lady with fiery red hair, carried a passion for literature, her nose always buried in a book. She loved the way words could paint vivid pictures and evoke emotions. Her heart, like her red hair, seemed to burn with an intensity that captivated all who came into contact with it.

Marcus, on the other hand, was quiet and reserved. A talented artist, his eyes spoke volumes without uttering a word. He could capture the essence of every emotion and bring it to life on canvas. His hands moved with a grace that belied his strength, and he was loved by many for his kindness and humility.

Their paths crossed when Eleanor, seeking solace from her troubles, wandered into"
"Fantasy, Adventure","Write a fantasy story about a young hero going on a journey.  Title: The Quest of the Crystal Scepter

In the enchanted realm of Eldoria, nestled between the ancient Elderwood and the Mystic Mountains, lived a young, spirited orphan named Kai. Despite his humble beginnings, he was known for his courage and wisdom beyond his years. The villagers, who had taken him in, loved him dearly. However, they were unaware that Kai possessed an extraordinary destiny.

One fateful day, as Kai wandered through the forest, he stumbled upon a mysterious old man cloaked in shadows. The man spoke cryptically, revealing to Kai that he was the long-lost heir to the throne of Eldoria. This revelation filled Kai with both excitement and dread, for he knew the prophecy foretold of a young hero who would one day save Eldoria from the clutches of darkness.

With the old man's guidance, Kai set out on a perilous quest to retrieve the Crystal Scepter, the only weapon powerful enough to vanquish the evil sorcerer, Moros, who sought to conquer Eldoria. Along the way, he encountered w"
"Romance, Slice of Life","Write a slice-of-life romance story about two students.  Title: ""Whispers in the Stacks""

In the hushed halls of Westerly Academy, where ivy twined around ancient brickwork and autumn leaves crunched beneath footsteps, a love story was unfolding. The stars of this tale were two students, Amelia Thompson, a quiet girl with fiery red hair and piercing green eyes, and Ethan Harper, a lanky boy with dark curls and a ready smile.

Amelia was known for her love of books, while Ethan was celebrated as the school's star athlete. They seemed to have little in common, save their shared appreciation for the library - a towering structure filled with dusty volumes that whispered secrets only they could hear.

One fateful day, as the sun dipped low behind the academy, casting long shadows across the lawn, Amelia found herself ensnared in an endless labyrinth of card catalogues and worn bindings. Exasperated but determined, she stumbled upon Ethan, lost within his own literary maze.

A tentative conversation bloomed between them. They spoke of authors they admired, passages they wished they had written, and stories yet untold. Their"
